Product Name,Image Filename
Auricchio Grana Padano,Auricchio_Grana_Padano.jpg
Baba Ganoush,Baba_Ganoush.jpg
Barbell Classic Air Dried Steak,Barbell_Classic_Air_Dried_Steak.jpg
Capriccio Anchovy Filllets,Capriccio_Anchovy_Filllets.jpg
Casalingo Bresaola,Casalingo_Bresaola.jpg
Casalingo Calabrese Salami,Casalingo_Calabrese_Salami.jpg
Casalingo Capocollo100g,Casalingo_Capocollo100g.jpg
Casalingo Hungarian Salami,Casalingo_Hungarian_Salami.jpg
Casalingo Prosciutto,Casalingo_Prosciutto.jpg
Casalingo Spanish Chorizo Cured,Casalingo_Spanish_Chorizo_Cured.jpg
Dutch Gouda Cheese,Dutch_Gouda_Cheese.jpg
Dutch Smoked Cheese,Dutch_Smoked_Cheese.jpg
Gotzinger American Bacon Rindless,Gotzinger_American_Bacon_Rindless.jpg
Gotzinger Berliner Fleischwurst,Gotzinger_Berliner_Fleischwurst.jpg
Gotzinger Maple Bacon,Gotzinger_Maple_Bacon.jpg
Götzinger Kranksy,Götzinger_Kranksy.jpg
Götzinger New Yorker Hot Dogs,Götzinger_New_Yorker_Hot_Dogs.jpg
Inseason Marinated Danish Fetta,Inseason_Marinated_Danish_Fetta.jpg
Medjool Date Rolls,Medjool_Date_Rolls.jpg
Millel Shaved Parmesan Kg,Millel_Shaved_Parmesan_Kg.jpg
Norco Cream Pure,Norco_Cream_Pure.jpg
Norco Custard Vanilla,Norco_Custard_Vanilla.jpg
Norco Salted Butter,Norco_Salted_Butter.jpg
Norco Sour Cream Tub,Norco_Sour_Cream_Tub.jpg
Norco Tasty Cheddar Shredded,Norco_Tasty_Cheddar_Shredded.jpg
Norco Thickened Cream,Norco_Thickened_Cream.jpg
Norco Unsalted Butter,Norco_Unsalted_Butter.jpg
Olive Organic,Olive_Organic.jpg
Raybek Bell Peppers With Fetta,Raybek_Bell_Peppers_With_Fetta.jpg
Raybek Dip Bruschetta,Raybek_Dip_Bruschetta.jpg
Raybek Dip French Onion,Raybek_Dip_French_Onion.jpg
Raybek Dip Smk Salmon Dl,Raybek_Dip_Smk_Salmon_Dl.jpg
Raybek Dip Taramosalata,Raybek_Dip_Taramosalata.jpg
Raybek Dip Tzatziki,Raybek_Dip_Tzatziki.jpg
Raybek Feta Persian Clas,Raybek_Feta_Persian_Clas.jpg
Raybek Green Sicilian Olives,Raybek_Green_Sicilian_Olives.jpg
Raybek Hommus,Raybek_Hommus.jpg
Raybek Mixeds Marinated Olives,Raybek_Mixeds_Marinated_Olives.jpg
Raybek Olive Tapenade,Raybek_Olive_Tapenade.jpg
Raybek Olives Green Lemon Gar,Raybek_Olives_Green_Lemon_Gar.jpg
Raybek Olives Green With Fetta,Raybek_Olives_Green_With_Fetta.jpg
Raybek Persian Fetta Kal.,Raybek_Persian_Fetta_Kal..jpg
Raybek Pesto Basil Prem,Raybek_Pesto_Basil_Prem.jpg
Raybek Pesto Beet & Feta,Raybek_Pesto_Beet_and_Feta.jpg
Raybek Semi Dried Tom,Raybek_Semi_Dried_Tom.jpg
Raybek Smk Mushroom Dip,Raybek_Smk_Mushroom_Dip.jpg
Raybek Spring Onion Dip,Raybek_Spring_Onion_Dip.jpg
Rodopa Fetta Bulgarian Goats1kg,Rodopa_Fetta_Bulgarian_Goats1kg.jpg
Roza's Gourmet Basil Pesto,Rozas_Gourmet_Basil_Pesto.jpg
Rozas Pesto Dairy Free,Rozas_Pesto_Dairy_Free.jpg
Sea Scallops,Sea_Scallops.jpg
Yakult Fermented Mlkdrink,Yakult_Fermented_Mlkdrink.jpg
